{
  "1": {
    "a": 6,
    "b": 1,
    "c": -9,
    "result": [
      "(1.1442433218880195+0j)",
      "(-1.3109099885546862+0j)"
    ]
  },
  "2": {
    "a": 6,
    "b": -8,
    "c": 0,
    "result": [
      "(1.3333333333333333+0j)",
      "0j"
    ]
  },
  "3": {
    "a": 7,
    "b": -9,
    "c": -1,
    "result": [
      "(1.3885933220650395+0j)",
      "(-0.10287903635075361+0j)"
    ]
  },
  "4": {
    "a": 6,
    "b": -1,
    "c": 7,
    "result": "нет действительных корней"
  },
  "5": {
    "a": 3,
    "b": -9,
    "c": -6,
    "result": [
      "(3.5615528128088303+0j)",
      "(-0.5615528128088302+0j)"
    ]
  },
  "6": {
    "a": 7,
    "b": 8,
    "c": 0,
    "result": [
      "0j",
      "(-1.1428571428571428+0j)"
    ]
  },
  "7": {
    "a": 1,
    "b": 9,
    "c": 6,
    "result": [
      "(-0.7250827823646251+0j)",
      "(-8.274917217635375+0j)"
    ]
  },
  "8": {
    "a": 8,
    "b": 8,
    "c": 6,
    "result": "нет действительных корней"
  },
  "9": {
    "a": 2,
    "b": 10,
    "c": 4,
    "result": [
      "(-0.4384471871911697+0j)",
      "(-4.561552812808831+0j)"
    ]
  },
  "10": {
    "a": 1,
    "b": 4,
    "c": 5,
    "result": "нет действительных корней"
  },
  "11": {
    "a": 3,
    "b": -5,
    "c": -3,
    "result": [
      "(2.135041612651109+0j)",
      "(-0.46837494598444235+0j)"
    ]
  },
  "12": {
    "a": 5,
    "b": -9,
    "c": 8,
    "result": "нет действительных корней"
  },
  "13": {
    "a": 1,
    "b": -10,
    "c": 8,
    "result": [
      "(9.123105625617661+0j)",
      "(0.8768943743823394+0j)"
    ]
  },
  "14": {
    "a": 6,
    "b": 0,
    "c": -3,
    "result": [
      "(0.7071067811865475+0j)",
      "(-0.7071067811865475+0j)"
    ]
  },
  "15": {
    "a": 8,
    "b": -4,
    "c": 6,
    "result": "нет действительных корней"
  },
  "16": {
    "a": 8,
    "b": 9,
    "c": 6,
    "result": "нет действительных корней"
  },
  "17": {
    "a": 3,
    "b": 1,
    "c": -6,
    "result": [
      "(1.2573339575529217+0j)",
      "(-1.5906672908862551+0j)"
    ]
  },
  "18": {
    "a": 7,
    "b": -7,
    "c": -3,
    "result": [
      "(1.323754471047914+0j)",
      "(-0.32375447104791405+0j)"
    ]
  },
  "19": {
    "a": 5,
    "b": -4,
    "c": 7,
    "result": "нет действительных корней"
  },
  "20": {
    "a": 2,
    "b": 5,
    "c": -2,
    "result": [
      "(0.35078105935821213+0j)",
      "(-2.850781059358212+0j)"
    ]
  },
  "21": {
    "a": 10,
    "b": -8,
    "c": -4,
    "result": [
      "(1.1483314773547881+0j)",
      "(-0.34833147735478825+0j)"
    ]
  },
  "22": {
    "a": 10,
    "b": 10,
    "c": 4,
    "result": "нет действительных корней"
  },
  "23": {
    "a": 5,
    "b": 6,
    "c": 2,
    "result": "нет действительных корней"
  },
  "24": {
    "a": 9,
    "b": -8,
    "c": -8,
    "result": [
      "(1.48675905773854+0j)",
      "(-0.597870168849651+0j)"
    ]
  },
  "25": {
    "a": 4,
    "b": 1,
    "c": -10,
    "result": [
      "(1.46107219255619+0j)",
      "(-1.71107219255619+0j)"
    ]
  },
  "26": {
    "a": 5,
    "b": -3,
    "c": 2,
    "result": "нет действительных корней"
  },
  "27": {
    "a": 5,
    "b": 9,
    "c": 4,
    "result": [
      "(-0.8+0j)",
      "(-1+0j)"
    ]
  },
  "28": {
    "a": 5,
    "b": 3,
    "c": -1,
    "result": [
      "(0.23851648071345039+0j)",
      "(-0.8385164807134504+0j)"
    ]
  },
  "29": {
    "a": 4,
    "b": -2,
    "c": -4,
    "result": [
      "(1.2807764064044151+0j)",
      "(-0.7807764064044151+0j)"
    ]
  },
  "30": {
    "a": 3,
    "b": 4,
    "c": -7,
    "result": [
      "(1+0j)",
      "(-2.3333333333333335+0j)"
    ]
  },
  "31": {
    "a": 8,
    "b": -9,
    "c": -4,
    "result": [
      "(1.46605201842506+0j)",
      "(-0.34105201842506006+0j)"
    ]
  },
  "32": {
    "a": 8,
    "b": -2,
    "c": 8,
    "result": "нет действительных корней"
  },
  "33": {
    "a": 10,
    "b": 2,
    "c": -7,
    "result": [
      "(0.7426149773176359+0j)",
      "(-0.9426149773176359+0j)"
    ]
  },
  "34": {
    "a": 6,
    "b": 9,
    "c": 2,
    "result": [
      "(-0.27128644612183095+0j)",
      "(-1.228713553878169+0j)"
    ]
  },
  "35": {
    "a": 6,
    "b": 9,
    "c": -5,
    "result": [
      "(0.43145390656315213+0j)",
      "(-1.9314539065631522+0j)"
    ]
  },
  "36": {
    "a": 9,
    "b": -10,
    "c": 7,
    "result": "нет действительных корней"
  },
  "37": {
    "a": 7,
    "b": 3,
    "c": -2,
    "result": [
      "(0.3615898391641821+0j)",
      "(-0.7901612677356107+0j)"
    ]
  },
  "38": {
    "a": 1,
    "b": -9,
    "c": -3,
    "result": [
      "(9.321825380496477+0j)",
      "(-0.32182538049647746+0j)"
    ]
  },
  "39": {
    "a": 7,
    "b": -2,
    "c": -10,
    "result": [
      "(1.3465928247394798+0j)",
      "(-1.0608785390251942+0j)"
    ]
  },
  "40": {
    "a": 9,
    "b": 8,
    "c": -7,
    "result": [
      "(0.5431327130350654+0j)",
      "(-1.4320216019239542+0j)"
    ]
  },
  "41": {
    "a": 5,
    "b": 3,
    "c": 8,
    "result": "нет действительных корней"
  },
  "42": {
    "a": 9,
    "b": 10,
    "c": -1,
    "result": [
      "(0.09232798831614453+0j)",
      "(-1.2034390994272557+0j)"
    ]
  },
  "43": {
    "a": 5,
    "b": 8,
    "c": -6,
    "result": [
      "(0.5564659966250536+0j)",
      "(-2.156465996625054+0j)"
    ]
  },
  "44": {
    "a": 5,
    "b": -3,
    "c": -10,
    "result": [
      "(1.7456832294800961+0j)",
      "(-1.145683229480096+0j)"
    ]
  },
  "45": {
    "a": 7,
    "b": -5,
    "c": -1,
    "result": [
      "(0.8771507063771798+0j)",
      "(-0.16286499209146557+0j)"
    ]
  },
  "46": {
    "a": 5,
    "b": -8,
    "c": -4,
    "result": [
      "(2+0j)",
      "(-0.4+0j)"
    ]
  },
  "47": {
    "a": 2,
    "b": -1,
    "c": 8,
    "result": "нет действительных корней"
  },
  "48": {
    "a": 2,
    "b": -5,
    "c": 5,
    "result": "нет действительных корней"
  },
  "49": {
    "a": 10,
    "b": -1,
    "c": 0,
    "result": [
      "(0.1+0j)",
      "0j"
    ]
  },
  "50": {
    "a": 4,
    "b": -8,
    "c": 8,
    "result": "нет действительных корней"
  },
  "51": {
    "a": 7,
    "b": -9,
    "c": -4,
    "result": [
      "(1.6351745706749858+0j)",
      "(-0.3494602849607003+0j)"
    ]
  },
  "52": {
    "a": 9,
    "b": 0,
    "c": -3,
    "result": [
      "(0.5773502691896257+0j)",
      "(-0.5773502691896257+0j)"
    ]
  },
  "53": {
    "a": 6,
    "b": 9,
    "c": -7,
    "result": [
      "(0.5649778198382917+0j)",
      "(-2.0649778198382918+0j)"
    ]
  },
  "54": {
    "a": 9,
    "b": -2,
    "c": 7,
    "result": "нет действительных корней"
  },
  "55": {
    "a": 6,
    "b": -4,
    "c": 2,
    "result": "нет действительных корней"
  },
  "56": {
    "a": 10,
    "b": -1,
    "c": -6,
    "result": [
      "(0.8262087348130013+0j)",
      "(-0.7262087348130012+0j)"
    ]
  },
  "57": {
    "a": 6,
    "b": -3,
    "c": 7,
    "result": "нет действительных корней"
  },
  "58": {
    "a": 4,
    "b": -9,
    "c": -8,
    "result": [
      "(2.93210403685012+0j)",
      "(-0.6821040368501201+0j)"
    ]
  },
  "59": {
    "a": 1,
    "b": 6,
    "c": 7,
    "result": [
      "(-1.5857864376269049+0j)",
      "(-4.414213562373095+0j)"
    ]
  },
  "60": {
    "a": 3,
    "b": 8,
    "c": -3,
    "result": [
      "(0.3333333333333333+0j)",
      "(-3+0j)"
    ]
  },
  "61": {
    "a": 7,
    "b": 9,
    "c": 9,
    "result": "нет действительных корней"
  },
  "62": {
    "a": 3,
    "b": -3,
    "c": 1,
    "result": "нет действительных корней"
  },
  "63": {
    "a": 2,
    "b": 4,
    "c": 1,
    "result": [
      "(-0.2928932188134524+0j)",
      "(-1.7071067811865475+0j)"
    ]
  },
  "64": {
    "a": 6,
    "b": 9,
    "c": 6,
    "result": "нет действительных корней"
  },
  "65": {
    "a": 2,
    "b": -10,
    "c": -10,
    "result": [
      "(5.854101966249685+0j)",
      "(-0.8541019662496847+0j)"
    ]
  },
  "66": {
    "a": 3,
    "b": -2,
    "c": 6,