{
  "Uwfa": 92050.57495751357,
  "Igbuplu": 5882.0,
  "Epwat": 55035.912657027155,
  "Onxamgu": 92050.57495751357,
  "Ydwom": 5882.0,
  "Aqfabs": 55035.912657027155,
  "Ibzaska": 92050.57495751357,
  "Okqorwi": 5882.0,
  "Ofki": 55035.912657027155,
  "Idho": 92050.57495751357
}